total_frames,speed,margin_weight,history_on_steps,history_off_steps,history_on_time_ms,history_off_time_ms
10,0.1,0.001,31101733.5,51968204,33.4782825,31.239784999999998
10,0.1,0.0110909091,30563233.75,51968204,30.89856,29.0427875
10,0.1,0.0211818181,30523863.5,51968204,31.423695000000002,33.134812499999995
10,0.1,0.031272728,30492463,51968204,30.288017500000002,30.206275
10,0.1,0.0413636379,30463169,51968204,29.846200000000003,35.3596825
10,0.1,0.0514545441,30432759.25,51968204,32.24424,25.3462325
10,0.1,0.0615454577,30405089,51968204,29.158034999999998,28.3041175
10,0.1,0.0716363639,30382768.5,51968204,29.1045375,37.849345
10,0.1,0.0817272738,30364316,51968204,35.917845,32.148475
10,0.1,0.09181818,30348371,51968204,29.912975,31.545162500000004
10,0.1,0.101909086,30334797.5,51968204,25.767525000000003,32.993915
10,0.1,0.112,30323095.5,51968204,32.167649999999995,29.020225000000003
10,0.1,0.122090913,30312739,51968204,27.9008725,33.363125000000004
10,0.1,0.132181823,30303696.25,51968204,29.015037500000002,30.546287500000002
10,0.1,0.142272726,30296883.75,51968204,30.471095,30.252087500000002
10,0.1,0.152363643,30290685,51968204,26.445079999999997,30.03018
10,0.1,0.162454545,30285739,51968204,27.60427,30.344657500000004
10,0.1,0.172545448,30281799,51968204,30.6617825,30.555902499999995
10,0.1,0.182636365,30278231,51968204,31.885025,30.933992500000002
10,0.1,0.192727268,30275631.25,51968204,29.29785,31.00525
10,0.1,0.202818185,30274191.25,51968204,29.9872225,32.826827500000007
10,0.1,0.2129091,30273598,51968204,25.912644999999998,31.217909999999996
10,0.1,0.223,30275070.25,51968204,29.5127475,30.917832499999996
10,0.1,0.2330909,30277889.25,51968204,29.4882725,31.1132925
10,0.1,0.243181825,30281328.75,51968204,30.261155,31.275575000000003
10,0.1,0.2532727,30284515.25,51968204,29.0323,29.954075
10,0.1,0.26336363,30287795,51968204,30.0322225,29.4845575
10,0.1,0.273454547,30291625.5,51968204,28.679027499999997,27.939095000000002
10,0.1,0.283545434,30300684.75,51968204,29.688877499999997,27.5280175
10,0.1,0.293636352,30306767.75,51968204,31.76117,32.40635
10,0.1,0.303727269,30315443.5,51968204,27.85834,27.86702
10,0.1,0.313818157,30323412.5,51968204,28.2717675,31.2588525
10,0.1,0.3239091,30331543.75,51968204,28.86155,30.545570000000005
10,0.1,0.334000021,30338951.5,51968204,28.670497500000003,30.73924
10,0.1,0.3440909,30310218,51968204,30.879327500000002,31.53746
10,0.1,0.354181826,30298171.25,51968204,29.018127500000002,27.736649999999997
10,0.1,0.364272743,30297206.75,51968204,32.235995,30.594155
10,0.1,0.374363631,30320600.75,51968204,29.5043725,31.522592500000002
10,0.1,0.384454548,30373367.75,51968204,32.061105,27.010982499999997
10,0.1,0.394545466,30449256.75,51968204,28.2824475,30.226327500000004
10,0.1,0.404636353,30548545.25,51968204,30.262472499999994,30.121145
10,0.1,0.414727271,30659576.75,51968204,30.1077225,27.4377575
10,0.1,0.4248182,30762682.25,51968204,29.782030000000002,28.8999625
10,0.1,0.434909075,30863874.25,51968204,29.6214625,30.8900875
10,0.1,0.445,30917829.5,51968204,29.19733,29.428594999999998
10,0.1,0.4550909,30964656,51968204,29.451242500000003,31.69185
10,0.1,0.4651818,31014735.5,51968204,30.533727499999998,32.408837500000004
10,0.1,0.475272745,31069909.25,51968204,32.17129,33.112445
10,0.1,0.485363662,31125039.75,51968204,26.06989,30.0161
10,0.1,0.49545455,31182584.75,51968204,29.784025,29.87513
10,0.1,0.505545437,31255662.75,51968204,27.5147325,30.2187025
10,0.1,0.5156363,31321630,51968204,31.539985,29.665740000000003
10,0.1,0.5257273,31378516,51968204,29.459737500000003,30.779205
10,0.1,0.53581816,31416237.75,51968204,32.782985,29.922620000000002
10,0.1,0.5459091,31454780.5,51968204,28.024142499999996,31.1510775
10,0.1,0.556000054,31494145,51968204,30.025895,29.827532499999997
10,0.1,0.5660909,31538522.5,51968204,27.9105175,32.710602499999993
10,0.1,0.5761818,31564878.5,51968204,30.289795,29.6468825
10,0.1,0.5862727,31603783,51968204,30.8784575,31.0274725
10,0.1,0.596363664,31618124,51968204,35.2068025,32.038335
10,0.1,0.606454551,31644713,51968204,29.894985,31.2129625
10,0.1,0.6165455,31664165.25,51968204,24.016870000000004,28.803655
10,0.1,0.6266363,31677729.25,51968204,30.757887500000002,30.1135475
10,0.1,0.6367273,31700697.25,51968204,30.127295,28.835615
10,0.1,0.646818161,31726784.5,51968204,28.872257500000003,31.110647500000002
10,0.1,0.6569091,31739610.75,51968204,27.746535,30.563737500000002
10,0.1,0.667,31759991.5,51968204,29.998787500000002,30.538827499999996
10,0.1,0.6770909,31779222,51968204,30.891009999999998,29.997004999999998
10,0.1,0.6871818,31786693.5,51968204,26.323715,27.27288
10,0.1,0.6972727,31806328.75,51968204,26.765317499999995,30.171687499999997
10,0.1,0.707363665,31812719,51968204,31.315622500000003,30.982592500000003
10,0.1,0.717454553,31824900,51968204,27.578292500000003,27.5699125
10,0.1,0.7275455,31836873.5,51968204,26.433445000000003,30.545205
10,0.1,0.7376363,31843569,51968204,31.6779825,29.888695
10,0.1,0.7477273,31879351.5,51968204,31.340492499999996,34.674607499999993
10,0.1,0.757818162,31890364.75,51968204,36.330295000000007,28327059.6304525
10,0.1,0.7679091,31916265.75,51968204,25.11582,33.3793
10,0.1,0.778,31930604.25,51968204,27.212777499999998,30.699537499999998
10,0.1,0.788090944,31946599.25,51968204,29.484837499999998,32.4555775
10,0.1,0.7981818,31966723,51968204,29.4588575,29.1456825
10,0.1,0.8082727,31978910.5,51968204,28.566742500000004,34.0604275
10,0.1,0.8183636,31997638.75,51968204,33.27551,28.284474999999997
10,0.1,0.828454554,32006659.75,51968204,28.898385,33.8896825
10,0.1,0.838545442,32026377.75,51968204,32.308865,36.9559375
10,0.1,0.8486364,32037372.25,51968204,30.675565,31.227994999999996
10,0.1,0.8587273,32048224.75,51968204,29.844,31.587725
10,0.1,0.868818164,32066329,51968204,32.740995000000005,28.726515
10,0.1,0.8789091,32074860.75,51968204,27.9507525,33.7819325
10,0.1,0.889,32085200.25,51968204,33.5799825,28.5514725
10,0.1,0.899090946,32098939.5,51968204,28.9014175,29.8797225
10,0.1,0.909181833,32104928.75,51968204,29.918282499999997,30.951402499999997
10,0.1,0.9192727,32109070.75,51968204,29.637387500000003,32.984052500000004
10,0.1,0.9293636,32128830.25,51968204,32.8235525,30.8841
10,0.1,0.939454556,32135835,51968204,29.254035000000002,29.771119999999996
10,0.1,0.949545443,32141524.25,51968204,29.613839999999996,29.55107
10,0.1,0.9596364,32168388.25,51968204,30.47562,29.11567
10,0.1,0.9697273,32172873.25,51968204,29.731097499999997,30.700145
10,0.1,0.979818165,32179655.5,51968204,28.083019999999998,26.839787500000003
10,0.1,0.989909053,32205849.75,51968204,32.007979999999996,31.3531425
10,0.1,1,32207648.25,51968204,29.363752499999997,29.31557
