total_frames,speed,history_on_steps,history_off_steps,history_on_time_ms,history_off_time_ms
2,0.5,29995743.75,43238886,11.7661,12.604925000000001
13,0.07692308,152979669,269281454,64.244475000000008,62.340050000000005
24,0.0416666679,266757375.75,494414719,108.42565000000002,115.618875
35,0.0285714287,378199113.5,719678390,168.051075,151.5611
46,0.02173913,488021752,944743675,209.52882499999998,232.76682500000004
56,0.0178571437,586805143,1149454326,239.816125,252.03300000000004
67,0.0149253728,693793835,1374577619,302.284225,295.14879999999994
78,0.012820513,801397727.75,1599609250,357.04270000000008,392.77745
89,0.0112359552,909743798.25,1824809443,457.77839999999992,405.41052499999995
100,0.01,1017576642.25,2049952225,428.13262500000008,454.53022499999986
