margin_weight,progress_weight,step_count
0.01,1,4337167.75
0.022564102,1,4314102.4
0.035128206,1,4247594.5
0.04769231,1,4294080.8
0.06025641,1,4279842.8
0.0728205144,1,4257598.85
0.0853846148,1,4274914.3
0.09794872,1,4316241
0.110512823,1,4175276.2
0.123076923,1,4265311.55
0.135641038,1,4270114.7
0.148205131,1,4240250.35
0.160769239,1,4196636.2
0.173333332,1,4243369
0.18589744,1,4250336.05
0.198461547,1,4250481.1
0.21102564,1,4253047.6
0.223589748,1,4261225
0.236153841,1,4236963.6
0.248717949,1,4275886.4
0.261282057,1,4239050.6
0.273846179,1,4277299.45
0.286410272,1,4223730.25
0.298974365,1,4249868.15
0.311538458,1,4223681.95
0.324102581,1,4231867.15
0.336666673,1,4251953.65
0.349230766,1,4231606.2
0.3617949,1,4270014.25
0.374358982,1,4270020.05
0.386923075,1,4262458.4
0.3994872,1,4234360.25
0.4120513,1,4268969.6
0.424615383,1,4253813.75
0.437179476,1,4213566.05
0.4497436,1,4259956.3
0.4623077,1,4222079.7
0.474871784,1,4235827
0.4874359,1,4229181.45
0.5,1,4261984.6
# best: margin_weight=0.110512823, progress_weight=1, step_count=4175276.2
